{
  "manifest.json": 1712078576801,
  "controller/vendordetails.controller.js": 1711688266369,
  "model/models.js": 1711688266353,
  "i18n/i18n.properties": 1711688283748,
  "controller/App.controller.js": 1712078464786,
  "Component.js": 1711688266349,
  "Component-preload.js": 1712078577165,
  "controller/vendordetails-dbg.controller.js": 1711688266369,
  "model/models-dbg.js": 1711688266353,
  "controller/App-dbg.controller.js": 1712078464786,
  "Component-dbg.js": 1711688266349,
  "view/vendordetails.view.xml": 1711703361166,
  "view/App.view.xml": 1712077521834,
  "css/style.css": 1712049681516,
  "index.html": 1711688266349
}