{
  "Component.js": 1715749834083,
  "controller/App.controller.js": 1717407502327,
  "model/models.js": 1715749834083,
  "controller/vendordetails.controller.js": 1715749834083,
  "manifest.json": 1717484539763,
  "i18n/i18n.properties": 1715749834083,
  "Component-preload.js": 1717484540202,
  "controller/vendordetails-dbg.controller.js": 1715749834083,
  "model/models-dbg.js": 1715749834083,
  "controller/App-dbg.controller.js": 1717407502327,
  "Component-dbg.js": 1715749834083,
  "view/vendordetails.view.xml": 1715749834083,
  "view/App.view.xml": 1717484210325,
  "css/style.css": 1715749834083,
  "index.html": 1715749834083
}