{
  "model/models.js": 1711688266353,
  "controller/App.controller.js": 1715253483017,
  "i18n/i18n.properties": 1712134206932,
  "controller/vendordetails.controller.js": 1711688266369,
  "manifest.json": 1715254729896,
  "Component.js": 1713328164949,
  "Component-preload.js": 1715254731736,
  "controller/vendordetails-dbg.controller.js": 1711688266369,
  "model/models-dbg.js": 1711688266353,
  "controller/App-dbg.controller.js": 1715253483017,
  "Component-dbg.js": 1713328164949,
  "view/vendordetails.view.xml": 1711703361166,
  "view/App.view.xml": 1715149257499,
  "css/style.css": 1713420085728,
  "index.html": 1711688266349
}