{
  "ext/controller/ObjectPagecomplain-dbg.controller.js": 1717484359171,
  "ext/controller/Listreportcontroller.controller.js": 1717064489542,
  "ext/fragment/Comments.js": 1715749834083,
  "ext/fragment/Attachemnts.js": 1715749834083,
  "ext/controller/ObjectPagecomplain.controller.js": 1717484359171,
  "manifest.json": 1717484550003,
  "ext/controller/Footer.js": 1715749834083,
  "Component.js": 1715749834083,
  "Component-preload.js": 1717484550846,
  "ext/fragment/Attachemnts-dbg.js": 1715749834083,
  "ext/fragment/Comments-dbg.js": 1715749834083,
  "i18n/i18n.properties": 1715749834083,
  "ext/controller/Listreportcontroller-dbg.controller.js": 1717064489542,
  "ext/controller/Footer-dbg.js": 1715749834083,
  "Component-dbg.js": 1715749834083,
  "ext/fragment/Comments.fragment.xml": 1715749834083,
  "ext/fragment/Attachemnts.fragment.xml": 1715749834083,
  "css/style.css": 1715749834083,
  "index.html": 1715749834083
}