{
  "view/vendordetails.view.xml": 1715749834083,
  "controller/vendordetails.controller.js": 1715749834083,
  "model/models.js": 1715749834083,
  "manifest.json": 1722865746356,
  "controller/App.controller.js": 1718692894623,
  "Component.js": 1715749834083,
  "Component-preload.js": 1722865746522,
  "controller/vendordetails-dbg.controller.js": 1715749834083,
  "model/models-dbg.js": 1715749834083,
  "controller/App-dbg.controller.js": 1718692894623,
  "Component-dbg.js": 1715749834083,
  "i18n/i18n.properties": 1715749834083,
  "view/App.view.xml": 1722315415166,
  "css/style.css": 1715749834083,
  "index.html": 1715749834083
}