{
  "model/models-dbg.js": 1711688266353,
  "model/models.js": 1711688266353,
  "manifest.json": 1713333319144,
  "controller/vendordetails.controller.js": 1711688266369,
  "controller/App.controller.js": 1713332410542,
  "Component.js": 1713328164949,
  "Component-preload.js": 1713333319594,
  "controller/App-dbg.controller.js": 1713332410542,
  "controller/vendordetails-dbg.controller.js": 1711688266369,
  "i18n/i18n.properties": 1712134206932,
  "Component-dbg.js": 1713328164949,
  "view/vendordetails.view.xml": 1711703361166,
  "view/App.view.xml": 1713259687018,
  "css/style.css": 1713246934981,
  "index.html": 1711688266349
}